{
  "phase": "2.2",
  "name": "Polynomial Energy Modeling",
  "correlation_matrix": {
    "Frame": {
      "Frame": 1.0,
      "Avg Intensity": 0.13876920917382507,
      "Max Intensity": NaN
    },
    "Avg Intensity": {
      "Frame": 0.13876920917382507,
      "Avg Intensity": 1.0,
      "Max Intensity": NaN
    },
    "Max Intensity": {
      "Frame": NaN,
      "Avg Intensity": NaN,
      "Max Intensity": NaN
    }
  },
  "intensity_distribution": {
    "avg": [
      0.6942868424768656,
      0.7197876057598079,
      0.7004301090650396,
      0.6942241488613307,
      0.6840395263384335,
      0.6961758790575653,
      0.7143979728989219,
      0.6858732507653386,
      0.7046421021682161,
      0.7620004494492822,
      0.6897706588097277,
      0.6855921995445646,
      0.6951480874786568,
      0.6928074413544555,
      0.711368822180651,
      0.6841705078614633,
      0.7118369773762703,
      0.6881017163175096,
      0.7591333837270157,
      0.8921728254229849,
      0.892264435500518,
      0.7028569898857079,
      0.8892076755575674,
      0.8900545257556064,
      0.695451863163919,
      0.892269657202914,
      0.8869418073583775,
      0.8700663256817804,
      0.8844670369469656,
      0.8857294455740443,
      0.6892093129116896,
      0.7130835921256549,
      0.7118081831514101,
      0.8575786860808648,
      0.8863030652189113,
      0.8891270452702265,
      0.7160277947702831,
      0.8856577803147733,
      0.8833407375367488,
      0.87701898449886,
      0.8877316794012711,
      0.868563132116216,
      0.8570726082551305,
      0.8734080626231282,
      0.8471478521337459,
      0.8556400877465864,
      0.8008630213649508,
      0.727500498430921,
      0.8082938829452774,
      0.7163432253225614,
      0.8263791970712372,
      0.8134659521196853,
      0.8802356612099592,
      0.7930599484280058,
      0.7825582497960456,
      0.8373685831611287,
      0.7083013032592085,
      0.8170417393701065,
      0.7639694346749962,
      0.775213353926742,
      0.7895869133031179,
      0.7844950976743599,
      0.8142422491977959,
      0.708387896332661,
      0.7102382553820351,
      0.8115311280463587,
      0.8071730990174462,
      0.8594009037544345,
      0.800688811726469,
      0.6974421031190129,
      0.6909012830812616,
      0.713647130543754,
      0.6903148963266527,
      0.6993220581331464,
      0.7181455390238289,
      0.7478894912136995,
      0.6926292095435767,
      0.685517632096893,
      0.7016632041378021,
      0.6931806082993303,
      0.684890218492897,
      0.7086558230775735,
      0.70970425433796,
      0.6935559283465678,
      0.7869134301067364,
      0.6958806473114174,
      0.7192756253528795,
      0.6941473396866763,
      0.7054926907443818,
      0.688453341709464,
      0.7645601333617106,
      0.7746286312936226,
      0.6948473851808769,
      0.8247010821774465,
      0.6927596689580937,
      0.7255670508190671,
      0.706112841348893,
      0.7008478490500036,
      0.697563527127104,
      0.6867714831971777
    ],
    "max": [
      1.0,
      1.0,
      1.0,
      1.0,
      1.0,
      1.0,
      1.0,
      1.0,
      1.0,
      1.0,
      1.0,
      1.0,
      1.0,
      1.0,
      1.0,
      1.0,
      1.0,
      1.0,
      1.0,
      1.0,
      1.0,
      1.0,
      1.0,
      1.0,
      1.0,
      1.0,
      1.0,
      1.0,
      1.0,
      1.0,
      1.0,
      1.0,
      1.0,
      1.0,
      1.0,
      1.0,
      1.0,
      1.0,
      1.0,
      1.0,
      1.0,
      1.0,
      1.0,
      1.0,
      1.0,
      1.0,
      1.0,
      1.0,
      1.0,
      1.0,
      1.0,
      1.0,
      1.0,
      1.0,
      1.0,
      1.0,
      1.0,
      1.0,
      1.0,
      1.0,
      1.0,
      1.0,
      1.0,
      1.0,
      1.0,
      1.0,
      1.0,
      1.0,
      1.0,
      1.0,
      1.0,
      1.0,
      1.0,
      1.0,
      1.0,
      1.0,
      1.0,
      1.0,
      1.0,
      1.0,
      1.0,
      1.0,
      1.0,
      1.0,
      1.0,
      1.0,
      1.0,
      1.0,
      1.0,
      1.0,
      1.0,
      1.0,
      1.0,
      1.0,
      1.0,
      1.0,
      1.0,
      1.0,
      1.0,
      1.0
    ]
  },
  "3d_visualization": [
    {
      "Frame": 65,
      "Avg Intensity": 0.6942868424768656,
      "Max Intensity": 1.0
    },
    {
      "Frame": 71,
      "Avg Intensity": 0.7197876057598079,
      "Max Intensity": 1.0
    },
    {
      "Frame": 75,
      "Avg Intensity": 0.7004301090650396,
      "Max Intensity": 1.0
    },
    {
      "Frame": 76,
      "Avg Intensity": 0.6942241488613307,
      "Max Intensity": 1.0
    },
    {
      "Frame": 79,
      "Avg Intensity": 0.6840395263384335,
      "Max Intensity": 1.0
    },
    {
      "Frame": 83,
      "Avg Intensity": 0.6961758790575653,
      "Max Intensity": 1.0
    },
    {
      "Frame": 84,
      "Avg Intensity": 0.7143979728989219,
      "Max Intensity": 1.0
    },
    {
      "Frame": 88,
      "Avg Intensity": 0.6858732507653386,
      "Max Intensity": 1.0
    },
    {
      "Frame": 89,
      "Avg Intensity": 0.7046421021682161,
      "Max Intensity": 1.0
    },
    {
      "Frame": 92,
      "Avg Intensity": 0.7620004494492822,
      "Max Intensity": 1.0
    },
    {
      "Frame": 94,
      "Avg Intensity": 0.6897706588097277,
      "Max Intensity": 1.0
    },
    {
      "Frame": 96,
      "Avg Intensity": 0.6855921995445646,
      "Max Intensity": 1.0
    },
    {
      "Frame": 97,
      "Avg Intensity": 0.6951480874786568,
      "Max Intensity": 1.0
    },
    {
      "Frame": 98,
      "Avg Intensity": 0.6928074413544555,
      "Max Intensity": 1.0
    },
    {
      "Frame": 99,
      "Avg Intensity": 0.711368822180651,
      "Max Intensity": 1.0
    },
    {
      "Frame": 100,
      "Avg Intensity": 0.6841705078614633,
      "Max Intensity": 1.0
    },
    {
      "Frame": 326,
      "Avg Intensity": 0.7118369773762703,
      "Max Intensity": 1.0
    },
    {
      "Frame": 332,
      "Avg Intensity": 0.6881017163175096,
      "Max Intensity": 1.0
    },
    {
      "Frame": 347,
      "Avg Intensity": 0.7591333837270157,
      "Max Intensity": 1.0
    },
    {
      "Frame": 355,
      "Avg Intensity": 0.8921728254229849,
      "Max Intensity": 1.0
    },
    {
      "Frame": 356,
      "Avg Intensity": 0.892264435500518,
      "Max Intensity": 1.0
    },
    {
      "Frame": 359,
      "Avg Intensity": 0.7028569898857079,
      "Max Intensity": 1.0
    },
    {
      "Frame": 362,
      "Avg Intensity": 0.8892076755575674,
      "Max Intensity": 1.0
    },
    {
      "Frame": 364,
      "Avg Intensity": 0.8900545257556064,
      "Max Intensity": 1.0
    },
    {
      "Frame": 366,
      "Avg Intensity": 0.695451863163919,
      "Max Intensity": 1.0
    },
    {
      "Frame": 368,
      "Avg Intensity": 0.892269657202914,
      "Max Intensity": 1.0
    },
    {
      "Frame": 372,
      "Avg Intensity": 0.8869418073583775,
      "Max Intensity": 1.0
    },
    {
      "Frame": 376,
      "Avg Intensity": 0.8700663256817804,
      "Max Intensity": 1.0
    },
    {
      "Frame": 378,
      "Avg Intensity": 0.8844670369469656,
      "Max Intensity": 1.0
    },
    {
      "Frame": 380,
      "Avg Intensity": 0.8857294455740443,
      "Max Intensity": 1.0
    },
    {
      "Frame": 381,
      "Avg Intensity": 0.6892093129116896,
      "Max Intensity": 1.0
    },
    {
      "Frame": 382,
      "Avg Intensity": 0.7130835921256549,
      "Max Intensity": 1.0
    },
    {
      "Frame": 383,
      "Avg Intensity": 0.7118081831514101,
      "Max Intensity": 1.0
    },
    {
      "Frame": 384,
      "Avg Intensity": 0.8575786860808648,
      "Max Intensity": 1.0
    },
    {
      "Frame": 386,
      "Avg Intensity": 0.8863030652189113,
      "Max Intensity": 1.0
    },
    {
      "Frame": 387,
      "Avg Intensity": 0.8891270452702265,
      "Max Intensity": 1.0
    },
    {
      "Frame": 388,
      "Avg Intensity": 0.7160277947702831,