{
  "phase": "3.2",
  "name": "Deep Learning Hybrid Ensemble",
  "feature_importances": {
    "Frame": 0.0003279610068247843,
    "Avg Intensity": 0.9855005816850058,
    "Rate_of_Change": 0.0006648678130653975,
    "Intensity_Ratio": 0.0,
    "PCA1": 0.012637613297017694,
    "PCA2": 0.0008689761980863715
  },
  "hybrid_results": {
    "mse": 8.412867830209964e-07,
    "r2": 0.999847695773624,
    "frame": [
      65,
      71,
      75,
      76,
      79,
      83,
      84,
      88,
      89,
      92,
      94,
      96,
      97,
      98,
      99,
      100,
      326,
      332,
      347,
      355,
      356,
      359,
      362,
      364,
      366,
      368,
      372,
      376,
      378,
      380,
      381,
      382,
      383,
      384,
      386,
      387,
      388,
      391,
      392,
      395,
      396,
      397,
      398,
      399,
      400,
      401,
      403,
      404,
      405,
      406,
      407,
      408,
      409,
      410,
      411,
      412,
      413,
      414,
      415,
      418,
      419,
      420,
      421,
      422,
      423,
      424,
      425,
      426,
      427,
      428,
      429,
      430,
      432,
      436,
      438,
      442,
      443,
      444,
      445,
      447,
      451,
      453,
      454,
      457,
      458,
      459,
      465,
      470,
      471,
      475,
      517,
      610,
      614,
      615,
      618,
      620,
      621,
      640,
      643,
      644
    ],
    "actual": [
      0.6903911959703096,
      0.7157488743590557,
      0.6964999926628167,
      0.6903288541289254,
      0.6802013775675019,
      0.6922696331585015,
      0.7103894827517,
      0.6820248129586359,
      0.7006883522542886,
      0.7577248615981556,
      0.6859003526294597,
      0.6817453387174897,
      0.6912476085226329,
      0.688920095774061,
      0.707377328611344,
      0.6803316241526337,
      0.7078428569861152,
      0.6842407745808573,
      0.7548738829941831,
      0.8871668398015319,
      0.8872579358545197,
      0.698913256244597,
      0.8842183274049643,
      0.8850604259228421,
      0.691549679721198,
      0.8872631282579206,
      0.8819651730021398,
      0.8651843797269612,
      0.879504288538319,
      0.8807596137850755,
      0.6853421564457082,
      0.7090824769746944,
      0.7078142243257766,
      0.8527668083264062,
      0.881330014847609,
      0.8841381495345179,
      0.71201015968542,
      0.8806883506398874,
      0.8783843087990139,
      0.872098027145041,
      0.8827506130695497,
      0.8636896205870608,
      0.8522635701055632,
      0.8685073661677305,
      0.842394501834138,
      0.8508390874758514,
      0.7963693754530103,
      0.7234184899556926,
      0.8037585424365434,
      0.7123238203554915,
      0.8217423797859257,
      0.8089015911082164,
      0.8752966550690603,
      0.788610085592407,
      0.7781673120373539,
      0.8326701043824529,
      0.704327021551972,
      0.8124573146007524,
      0.7596827988391653,
      0.7708636284108635,
      0.7851565376827789,
      0.7800932922537607,
      0.8096735323800299,
      0.704413128751311,
      0.7062531054279747,
      0.8069776233412187,
      0.802644047232228,
      0.854578801528648,
      0.7961961433055712,
      0.6935287524312082,
      0.6870246329632663,
      0.7096428533762673,
      0.6864415364272994,
      0.6953981590095436,
      0.7141160212667066,
      0.7436930800108851,
      0.6887428640226517,
      0.6816711896680927,
      0.6977261688337385,
      0.6892911688775777,
      0.68104729648457,
      0.7046795521580872,
      0.705722100666091,
      0.6896643830023903,
      0.7824980554122931,
      0.6919760579589712,
      0.7152397666764273,
      0.6902524759308856,
      0.7015341681742372,
      0.6845904270012012,
      0.7602701831129677,
      0.7702821866589934,
      0.6909485934667596,
      0.8200736808021359,
      0.688872591428824,
      0.7214958909268363,
      0.702150839110997,
      0.6969153887069,
      0.6936494951286594,
      0.6829180054043755
    ],
    "predicted": [
      0.6903750238353706,
      0.7155009918178855,
      0.6965733874836316,
      0.6903238481733692,
      0.6804064540409271,
      0.6920524050078032,
      0.7101960967500607,
      0.6818873724737509,
      0.7008261023072333,
      0.7577198903247523,
      0.6858673350062985,
      0.6817691211279492,
      0.6911839554789748,
      0.6888580500909814,
      0.7076988249805767,
      0.6806625876180753,
      0.7079003564367903,
      0.6842251254812219,
      0.7562585381478829,
      0.8843742176949609,
      0.8867751039308801,
      0.6988253974215803,
      0.8844135247192472,
      0.8848894226640379,
      0.691560999860089,
      0.8869169014754484,
      0.8812357729332022,
      0.8641382006771364,
      0.8792373146057513,
      0.8806487147347924,
      0.6856201159343336,
      0.709300152210119,
      0.7077221876227914,
      0.8531554654041261,
      0.8812546558290728,
      0.8841020169468257,
      0.7124148362277107,
      0.8807662308105746,
      0.8789178796070789,
      0.8725977678338321,
      0.8823667297713915,
      0.8644046406039075,
      0.8521323526223454,
      0.8670633910800983,
      0.8447368963052508,
      0.852253664370267,
      0.7990478822673023,
      0.7209467955227582,
      0.8047035126997298,
      0.7124418397855531,
      0.8189124554896927,
      0.8087169738911135,
      0.8763481284995572,
      0.7890887264145142,
      0.7800639310343539,
      0.8344184161028632,
      0.7045347834931224,
      0.8123216163055208,
      0.756764258131917,
      0.7712238288272837,
      0.7836868734915167,
      0.7799113505705221,
      0.8090169482243513,
      0.7045700874448513,
      0.7062797098202626,
      0.8076330285648513,
      0.8027444875467761,
      0.8544334670409834,
      0.7968792545711308,
      0.6934641116290743,
      0.6866222493701264,
      0.7094593420188595,
      0.6863114737684783,
      0.6957983991886373,
      0.7147247196739899,
      0.7468691926201086,
      0.6888735707405196,
      0.6819450630033785,
      0.6974780293186328,
      0.6892456421412583,
      0.6812483255301426,
      0.7044950954749705,
      0.7054725016766703,
      0.6896500794516611,
      0.7818968061992067,
      0.6918855973967974,
      0.7152564347048266,
      0.6902373813329545,
      0.7012472810583584,
      0.6845518290711037,
      0.7594214378198143,
      0.7696334485503874,
      0.6909581400932366,
      0.8178408227408951,
      0.6889089529310433,
      0.7210197715524993,
      0.7019909217320662,
      0.6967359688539787,
      0.6936216180806801,
      0.6826540904558053
    ]
  }
}