{
  "phase": "4.3",
  "name": "Empirical Law Validation",
  "validation_results": {
    "mse": 0.0001585897734106954,
    "r2": 0.9712893471787014,
    "frame": [
      65,
      71,
      75,
      76,
      79,
      83,
      84,
      88,
      89,
      92,
      94,
      96,
      97,
      98,
      99,
      100,
      326,
      332,
      347,
      355,
      356,
      359,
      362,
      364,
      366,
      368,
      372,
      376,
      378,
      380,
      381,
      382,
      383,
      384,
      386,
      387,
      388,
      391,
      392,
      395,
      396,
      397,
      398,
      399,
      400,
      401,
      403,
      404,
      405,
      406,
      407,
      408,
      409,
      410,
      411,
      412,
      413,
      414,
      415,
      418,
      419,
      420,
      421,
      422,
      423,
      424,
      425,
      426,
      427,
      428,
      429,
      430,
      432,
      436,
      438,
      442,
      443,
      444,
      445,
      447,
      451,
      453,
      454,
      457,
      458,
      459,
      465,
      470,
      471,
      475,
      517,
      610,
      614,
      615,
      618,
      620,
      621,
      640,
      643,
      644
    ],
    "actual": [
      0.6903911959703096,
      0.7157488743590557,
      0.6964999926628167,
      0.6903288541289254,
      0.6802013775675019,
      0.6922696331585015,
      0.7103894827517,
      0.6820248129586359,
      0.7006883522542886,
      0.7577248615981556,
      0.6859003526294597,
      0.6817453387174897,
      0.6912476085226329,
      0.688920095774061,
      0.707377328611344,
      0.6803316241526337,
      0.7078428569861152,
      0.6842407745808573,
      0.7548738829941831,
      0.8871668398015319,
      0.8872579358545197,
      0.698913256244597,
      0.8842183274049643,
      0.8850604259228421,
      0.691549679721198,
      0.8872631282579206,
      0.8819651730021398,
      0.8651843797269612,
      0.879504288538319,
      0.8807596137850755,
      0.6853421564457082,
      0.7090824769746944,
      0.7078142243257766,
      0.8527668083264062,
      0.881330014847609,
      0.8841381495345179,
      0.71201015968542,
      0.8806883506398874,
      0.8783843087990139,
      0.872098027145041,
      0.8827506130695497,
      0.8636896205870608,
      0.8522635701055632,
      0.8685073661677305,
      0.842394501834138,
      0.8508390874758514,
      0.7963693754530103,
      0.7234184899556926,
      0.8037585424365434,
      0.7123238203554915,
      0.8217423797859257,
      0.8089015911082164,
      0.8752966550690603,
      0.788610085592407,
      0.7781673120373539,
      0.8326701043824529,
      0.704327021551972,
      0.8124573146007524,
      0.7596827988391653,
      0.7708636284108635,
      0.7851565376827789,
      0.7800932922537607,
      0.8096735323800299,
      0.704413128751311,
      0.7062531054279747,
      0.8069776233412187,
      0.802644047232228,
      0.854578801528648,
      0.7961961433055712,
      0.6935287524312082,
      0.6870246329632663,
      0.7096428533762673,
      0.6864415364272994,
      0.6953981590095436,
      0.7141160212667066,
      0.7436930800108851,
      0.6887428640226517,
      0.6816711896680927,
      0.6977261688337385,
      0.6892911688775777,
      0.68104729648457,
      0.7046795521580872,
      0.705722100666091,
      0.6896643830023903,
      0.7824980554122931,
      0.6919760579589712,
      0.7152397666764273,
      0.6902524759308856,
      0.7015341681742372,
      0.6845904270012012,
      0.7602701831129677,
      0.7702821866589934,
      0.6909485934667596,
      0.8200736808021359,
      0.688872591428824,
      0.7214958909268363,
      0.702150839110997,
      0.6969153887069,
      0.6936494951286594,
      0.6829180054043755
    ],
    "empirical_law_pred": [
      0.6956372624531735,
      0.721263490220087,
      0.7019904000327492,
      0.6958055701542046,
      0.6856841615083803,
      0.697904259364105,
      0.716146970541491,
      0.6877068474270724,
      0.7064963046840705,
      0.7639164474398438,
      0.6917301736258926,
      0.6875938021083742,
      0.6971704893688196,
      0.694850892398187,
      0.7134328834353852,
      0.6862561402807982,
      0.7186680287997453,
      0.6950592661814669,
      0.7664044419259574,
      0.899609089793651,
      0.8997216979473726,
      0.7103812298889202,
      0.8967910021963806,
      0.8976798346105654,
      0.7031232586747925,
      0.8999789195401127,
      0.894735181580423,
      0.8779440542889411,
      0.8923864631391897,
      0.8936908452556872,
      0.6971958395161185,
      0.7210906173702202,
      0.719836235179564,
      0.865624676928457,
      0.8943904528545417,
      0.8972353736022758,
      0.724160758186593,
      0.8938501815013866,
      0.8915541873812605,
      0.8852955671001855,
      0.8960290370360036,
      0.8768818922904416,
      0.8654126097303572,
      0.8817687210538131,
      0.855530062028851,
      0.8640431193047436,
      0.8093092032415021,
      0.735969220920454,
      0.8167819087737355,
      0.7248541821148297,
      0.8349088431080987,
      0.8220168693346908,
      0.8888061762610737,
      0.8016532941690887,
      0.7911728160727998,
      0.8460029984208823,
      0.7169594289318401,
      0.8257185814935797,
      0.772668391316868,
      0.7839750744463094,
      0.7983693319779385,
      0.7932986232773087,
      0.8230661501105626,
      0.7172350201868379,
      0.719106340378672,
      0.8204180858926697,
      0.8160811483823667,
      0.8683288563354555,
      0.8096389972614226,
      0.7064154568348473,
      0.6998957741543169,
      0.7226621439540125,
      0.6993723997138297,
      0.7084633723699256,
      0.7273284579675094,
      0.757155785534384,
      0.7019176643301761,
      0.6948272362266189,
      0.7109934692105153,
      0.702553051506556,
      0.6943468357983086,
      0.7181539413052888,
      0.719223350548619,
      0.7031383636720724,
      0.7965149049247041,
      0.7055050338178238,
      0.729025520564747,
      0.7040027625925429,
      0.7153688753978761,
      0.6984138841892881,
      0.77540107759891,
      0.7874223640923653,
      0.707726793385788,
      0.8375987634547207,
      0.7057231210050456,
      0.7385718139109999,
      0.7191390129792246,
      0.7142731312451736,
      0.7110518782930344,
      0.7002810609960305
    ]
  },
  "feature_importances": [
    {
      "Feature": "Avg Intensity",
      "Importance": 0.999979
    },
    {
      "Feature": "Frame",
      "Importance": 2.1e-05
    }
  ]
}