,Frame,Avg Intensity,Max Intensity,Quantum Coherence
count,1000.0,1000.0,1000.0,1000.0
mean,500.5,0.5647173632086798,1.0,0.01930289831292748
std,288.8194360957494,0.11465385208483102,0.0,0.155761567512736
min,1.0,0.3791532752744468,1.0,-0.3257069160117999
25%,250.75,0.47600263414510813,1.0,-0.0433871967138895
50%,500.5,0.5924008039110182,1.0,0.0828164546446083
75%,750.25,0.6354679699983684,1.0,0.1531314368335898
max,1000.0,0.8939332934816041,1.0,0.1531314368335898
