,Frame,Avg Intensity,Max Intensity,Quantum Coherence
count,1000.0,1000.0,1000.0,1000.0
mean,500.5,0.5647173632086797,1.0,-0.07764207502742032
std,288.8194360957494,0.11465385208483099,0.0,0.1421715317279815
min,1.0,0.3791532752744468,1.0,-0.4963198060159345
25%,250.75,0.47600263414510813,1.0,-0.18451895633865667
50%,500.5,0.5924008039110182,1.0,-0.05668874734839385
75%,750.25,0.6354679699983682,1.0,0.038008258312277325
max,1000.0,0.8939332934816047,1.0,0.1707039287455225
