{
  "name": "MetaQubit Heatmap Analysis",
  "meta_qubit_count": 6,
  "coherence_matrix": [
    [
      0.9898836701531147,
      0.9898836701531147,
      0.9898836701531147,
      0.9898836701531147,
      0.9898836701531147,
      0.9898836701531147
    ],
    [
      1.4792809615683684,
      1.4792809615683684,
      1.4792809615683684,
      1.4792809615683684,
      1.4792809615683684,
      1.4792809615683684
    ],
    [
      1.5267606776991938,
      1.5267606776991938,
      1.5267606776991938,
      1.5267606776991938,
      1.5267606776991938,
      1.5267606776991938
    ],
    [
      1.5026261799440983,
      1.5026261799440983,
      1.5026261799440983,
      1.5026261799440983,
      1.5026261799440983,
      1.5026261799440983
    ],
    [
      0.05977752862785343,
      0.05977752862785343,
      0.05977752862785343,
      0.05977752862785343,
      0.05977752862785343,
      0.05977752862785343
    ],
    [
      1.6236391437489353,
      1.6236391437489353,
      1.6236391437489353,
      1.6236391437489353,
      1.6236391437489353,
      1.6236391437489353
    ]
  ],
  "entanglement_matrix": [
    [
      23.568604570103638,
      23.568604570103638,
      23.568604570103638,
      23.568604570103638,
      23.568604570103638,
      23.568604570103638
    ],
    [
      31.6649726399315,
      31.6649726399315,
      31.6649726399315,
      31.6649726399315,
      31.6649726399315,
      31.6649726399315
    ],
    [
      57.95264558740085,
      57.95264558740085,
      57.95264558740085,
      57.95264558740085,
      57.95264558740085,
      57.95264558740085
    ],
    [
      38.80811387600296,
      38.80811387600296,
      38.80811387600296,
      38.80811387600296,
      38.80811387600296,
      38.80811387600296
    ],
    [
      78.1436463571827,
      78.1436463571827,
      78.1436463571827,
      78.1436463571827,
      78.1436463571827,
      78.1436463571827
    ],
    [
      78.01465277097121,
      78.01465277097121,
      78.01465277097121,
      78.01465277097121,
      78.01465277097121,
      78.01465277097121
    ]
  ],
  "noise_matrix": [
    [
      -0.0006583223382955955,
      -0.0006583223382955955,
      -0.0006583223382955955,
      -0.0006583223382955955,
      -0.0006583223382955955,
      -0.0006583223382955955
    ],
    [
      -0.006190210932247596,
      -0.006190210932247596,
      -0.006190210932247596,
      -0.006190210932247596,
      -0.006190210932247596,
      -0.006190210932247596
    ],
    [
      0.009305957887072494,
      0.009305957887072494,
      0.009305957887072494,
      0.009305957887072494,
      0.009305957887072494,
      0.009305957887072494
    ],
    [
      -0.03648877623941507,
      -0.03648877623941507,
      -0.03648877623941507,
      -0.03648877623941507,
      -0.03648877623941507,
      -0.03648877623941507
    ],
    [
      -0.03245026857531826,
      -0.03245026857531826,
      -0.03245026857531826,
      -0.03245026857531826,
      -0.03245026857531826,
      -0.03245026857531826
    ],
    [
      0.025893608792564776,
      0.025893608792564776,
      0.025893608792564776,
      0.025893608792564776,
      0.025893608792564776,
      0.025893608792564776
    ]
  ],
  "combined_matrix": [
    [
      24.55914656259505,
      24.55914656259505,
      24.55914656259505,
      24.55914656259505,
      24.55914656259505,
      24.55914656259505
    ],
    [
      33.150443812432115,
      33.150443812432115,
      33.150443812432115,
      33.150443812432115,
      33.150443812432115,
      33.150443812432115
    ],
    [
      59.470100307212974,
      59.470100307212974,
      59.470100307212974,
      59.470100307212974,
      59.470100307212974,
      59.470100307212974
    ],
    [
      40.34722883218648,
      40.34722883218648,
      40.34722883218648,
      40.34722883218648,
      40.34722883218648,
      40.34722883218648
    ],
    [
      78.23587415438587,
      78.23587415438587,
      78.23587415438587,
      78.23587415438587,
      78.23587415438587,
      78.23587415438587
    ],
    [
      79.61239830592757,
      79.61239830592757,
      79.61239830592757,
      79.61239830592757,
      79.61239830592757,
      79.61239830592757
    ]
  ],
  "x_axis": [
    1,
    2,
    3,
    4,
    5,
    6
  ],
  "y_axis": [
    1,
    2,
    3,
    4,
    5,
    6
  ]
}