{
  "name": "MetaQubit Noise Impact Analysis",
  "noise_levels": [
    0.0,
    0.05,
    0.1,
    0.15,
    0.2
  ],
  "tunneling": [
    -0.042997866004483534,
    -0.08096117855518702,
    -0.0575230269932894,
    -0.016156453203706414,
    -0.30209886329785895
  ],
  "coherence": [
    2.93216846958569,
    3.009288264140564,
    3.0826240051442353,
    3.0039846668860815,
    2.87030027785179
  ],
  "entanglement": [
    32.61448339978686,
    23.53471431136688,
    13.888570921342298,
    18.97737785231386,
    16.31806891412287
  ]
}