{
  "name": "MetaQubit Tunneling and Correlation Analysis",
  "tunneling": [
    0.26539653864792156,
    -0.16793397938846066,
    0.01682534601945343,
    0.36572944111487493,
    -0.01973665434520476,
    -0.04985559043715215
  ],
  "coherence": [
    5.365605843777681,
    0.24168319004295458,
    -5.640183359527976,
    -1.2708568763759447,
    3.52867042771027,
    -1.7570947902759098
  ],
  "entanglement": [
    1.0420314635585593e-11,
    4.5194842676078794e-08,
    1.6222139692407107e-09,
    3.3692940405933487e-07,
    3.358415306709648e-08,
    6.6500954677076835e-12
  ],
  "noise": [
    -0.049833861612675195,
    0.14193643735128728,
    0.10192629956632254,
    0.07200283897415406,
    0.13890707692909113,
    -0.23070149203061044
  ]
}